[  {    "year":1970,    "age":0,    "sex":1,    "people":8685121  },  {    "year":1970,    "age":0,    "sex":2,    "people":8326887  },  {    "year":1970,    "age":5,    "sex":1,    "people":10411131  },  {    "year":1970,    "age":5,    "sex":2,    "people":10003293  },  {    "year":1970,    "age":10,    "sex":1,    "people":10756403  },  {    "year":1970,    "age":10,    "sex":2,    "people":10343538  },  {    "year":1970,    "age":15,    "sex":1,    "people":9605399  },  {    "year":1970,    "age":15,    "sex":2,    "people":9414284  },  {    "year":1970,    "age":20,    "sex":1,    "people":7729202  },  {    "year":1970,    "age":20,    "sex":2,    "people":8341830  },  {    "year":1970,    "age":25,    "sex":1,    "people":6539301  },  {    "year":1970,    "age":25,    "sex":2,    "people":6903041  },  {    "year":1970,    "age":30,    "sex":1,    "people":5519879  },  {    "year":1970,    "age":30,    "sex":2,    "people":5851441  },  {    "year":1970,    "age":35,    "sex":1,    "people":5396732  },  {    "year":1970,    "age":35,    "sex":2,    "people":5708021  },  {    "year":1970,    "age":40,    "sex":1,    "people":5718538  },  {    "year":1970,    "age":40,    "sex":2,    "people":6129319  },  {    "year":1970,    "age":45,    "sex":1,    "people":5794120  },  {    "year":1970,    "age":45,    "sex":2,    "people":6198742  },  {    "year":1970,    "age":50,    "sex":1,    "people":5298312  },  {    "year":1970,    "age":50,    "sex":2,    "people":5783817  },  {    "year":1970,    "age":55,    "sex":1,    "people":4762911  },  {    "year":1970,    "age":55,    "sex":2,    "people":5222164  },  {    "year":1970,    "age":60,    "sex":1,    "people":4037643  },  {    "year":1970,    "age":60,    "sex":2,    "people":4577251  },  {    "year":1970,    "age":65,    "sex":1,    "people":3142606  },  {    "year":1970,    "age":65,    "sex":2,    "people":3894827  },  {    "year":1970,    "age":70,    "sex":1,    "people":2340826  },  {    "year":1970,    "age":70,    "sex":2,    "people":3138009  },  {    "year":1970,    "age":75,    "sex":1,    "people":1599269  },  {    "year":1970,    "age":75,    "sex":2,    "people":2293376  },  {    "year":1970,    "age":80,    "sex":1,    "people":886155  },  {    "year":1970,    "age":80,    "sex":2,    "people":1417553  },  {    "year":1970,    "age":85,    "sex":1,    "people":371123  },  {    "year":1970,    "age":85,    "sex":2,    "people":658511  },  {    "year":1970,    "age":90,    "sex":1,    "people":186502  },  {    "year":1970,    "age":90,    "sex":2,    "people":314929  },  {    "year":2000,    "age":0,    "sex":1,    "people":9735380  },  {    "year":2000,    "age":0,    "sex":2,    "people":9310714  },  {    "year":2000,    "age":5,    "sex":1,    "people":10552146  },  {    "year":2000,    "age":5,    "sex":2,    "people":10069564  },  {    "year":2000,    "age":10,    "sex":1,    "people":10563233  },  {    "year":2000,    "age":10,    "sex":2,    "people":10022524  },  {    "year":2000,    "age":15,    "sex":1,    "people":10237419  },  {    "year":2000,    "age":15,    "sex":2,    "people":9692669  },  {    "year":2000,    "age":20,    "sex":1,    "people":9731315  },  {    "year":2000,    "age":20,    "sex":2,    "people":9324244  },  {    "year":2000,    "age":25,    "sex":1,    "people":9659493  },  {    "year":2000,    "age":25,    "sex":2,    "people":9518507  },  {    "year":2000,    "age":30,    "sex":1,    "people":10205879  },  {    "year":2000,    "age":30,    "sex":2,    "people":10119296  },  {    "year":2000,    "age":35,    "sex":1,    "people":11475182  },  {    "year":2000,    "age":35,    "sex":2,    "people":11635647  },  {    "year":2000,    "age":40,    "sex":1,    "people":11320252  },  {    "year":2000,    "age":40,    "sex":2,    "people":11488578  },  {    "year":2000,    "age":45,    "sex":1,    "people":9925006  },  {    "year":2000,    "age":45,    "sex":2,    "people":10261253  },  {    "year":2000,    "age":50,    "sex":1,    "people":8507934  },  {    "year":2000,    "age":50,    "sex":2,    "people":8911133  },  {    "year":2000,    "age":55,    "sex":1,    "people":6459082  },  {    "year":2000,    "age":55,    "sex":2,    "people":6921268  },  {    "year":2000,    "age":60,    "sex":1,    "people":5123399  },  {    "year":2000,    "age":60,    "sex":2,    "people":5668961  },  {    "year":2000,    "age":65,    "sex":1,    "people":4453623  },  {    "year":2000,    "age":65,    "sex":2,    "people":4804784  },  {    "year":2000,    "age":70,    "sex":1,    "people":3792145  },  {    "year":2000,    "age":70,    "sex":2,    "people":5184855  },  {    "year":2000,    "age":75,    "sex":1,    "people":2912655  },  {    "year":2000,    "age":75,    "sex":2,    "people":4355644  },  {    "year":2000,    "age":80,    "sex":1,    "people":1902638  },  {    "year":2000,    "age":80,    "sex":2,    "people":3221898  },  {    "year":2000,    "age":85,    "sex":1,    "people":970357  },  {    "year":2000,    "age":85,    "sex":2,    "people":1981156  },  {    "year":2000,    "age":90,    "sex":1,    "people":336303  },  {    "year":2000,    "age":90,    "sex":2,    "people":1064581  }]